{"cameraMode":{"drawMode":0,"name":"Shaded","section":"Shading Mode"},"sceneLighting":true,"audioPlay":false,"sceneViewState":{"m_AlwaysRefresh":false,"showFog":true,"showSkybox":true,"showFlares":true,"showImageEffects":true,"showParticleSystems":true,"showVisualEffectGraphs":true,"m_FxEnabled":true},"in2DMode":false,"pivot":{"x":8.652016639709473,"y":3.8844494819641115,"z":-22.092470169067384},"rotation":{"x":0.08148645609617233,"y":-0.17073941230773927,"z":0.014169225469231606,"w":0.981782078742981},"size":1.3784362077713013,"orthographic":false}